﻿<parameters>
  <parameter name="IIS Web Application Name" defaultValue="SolutionLeatherGoods" tags="IisApp">
    <parameterEntry kind="ProviderPath" scope="IisApp" match="^C:\\Users\\Fede\\Desktop\\MCGA\\MCGA-2017\\MCGA-2017\\03\\SolutionsLeatherGoods\\SolutionsLeatherGoods\\Presentation\\ASF\.UI\.WbSite\\obj\\Release\\Package\\PackageTmp$" />
    <parameterEntry kind="ProviderPath" scope="setAcl" match="^C:\\Users\\Fede\\Desktop\\MCGA\\MCGA-2017\\MCGA-2017\\03\\SolutionsLeatherGoods\\SolutionsLeatherGoods\\Presentation\\ASF\.UI\.WbSite\\obj\\Release\\Package\\PackageTmp$" />
  </parameter>
  <parameter name="DefaultConnection-Web.config Connection String" defaultValue="Data Source=.\SQLEXPRESS;Initial Catalog=LeatherGoods;User ID=fretta;Password=Napoli10">
    <parameterEntry kind="XmlFile" scope="C:\\Users\\Fede\\Desktop\\MCGA\\MCGA-2017\\MCGA-2017\\03\\SolutionsLeatherGoods\\SolutionsLeatherGoods\\Presentation\\ASF\.UI\.WbSite\\obj\\Release\\Package\\PackageTmp\\Web\.config$" match="/configuration/connectionStrings/add[@name='DefaultConnection']/@connectionString" />
  </parameter>
  <parameter name="ASF-Web.config Connection String" description="ASF Cadena de conexión que usa la aplicación en web.config para obtener acceso a la base de datos." defaultValue="Data Source=.\SQLEXPRESS;Initial Catalog=LeatherGoods;User ID=fretta;Password=Napoli10" tags="SqlConnectionString">
    <parameterEntry kind="XmlFile" scope="C:\\Users\\Fede\\Desktop\\MCGA\\MCGA-2017\\MCGA-2017\\03\\SolutionsLeatherGoods\\SolutionsLeatherGoods\\Presentation\\ASF\.UI\.WbSite\\obj\\Release\\Package\\PackageTmp\\Web\.config$" match="/configuration/connectionStrings/add[@name='ASF']/@connectionString" />
  </parameter>
  <parameter name="default-Web.config Connection String" description="default Cadena de conexión que usa la aplicación en web.config para obtener acceso a la base de datos." defaultValue="Data Source=.\SQLEXPRESS;Initial Catalog=LeatherGoods;User ID=fretta;Password=Napoli10" tags="SqlConnectionString">
    <parameterEntry kind="XmlFile" scope="C:\\Users\\Fede\\Desktop\\MCGA\\MCGA-2017\\MCGA-2017\\03\\SolutionsLeatherGoods\\SolutionsLeatherGoods\\Presentation\\ASF\.UI\.WbSite\\obj\\Release\\Package\\PackageTmp\\Web\.config$" match="/configuration/connectionStrings/add[@name='default']/@connectionString" />
  </parameter>
</parameters>